{
    "transaction_id": "429acacb662e9adae9a7df21fccfb8fa7ff663024e0f091650b9c207d1adea0a",
    "processed": {
      "id": "429acacb662e9adae9a7df21fccfb8fa7ff663024e0f091650b9c207d1adea0a",
      "block_num": 75286109,
      "block_time": "2020-09-11T23:44:45.500",
      "producer_block_id": null,
      "receipt": {
        "status": "executed",
        "cpu_usage_us": 2424,
        "net_usage_words": 13
      },
      "elapsed": 2424,
      "net_usage": 104,
      "scheduled": false,
      "action_traces": [{
          "receipt": {
            "receiver": "sertifigo123",
            "act_digest": "c27133cecd03e37f705399d3001083caef9a0ffb9492ff775c8649360377eb7a",
            "global_sequence": 125363838,
            "recv_sequence": 8,
            "auth_sequence": [[
                "sertifigo123",
                12
              ]
            ],
            "code_sequence": 1,
            "abi_sequence": 1
          },
          "act": {
            "account": "sertifigo123",
            "name": "hi",
            "authorization": [{
                "actor": "sertifigo123",
                "permission": "active"
              }
            ],
            "data": {
              "user": "marcellitovt"
            },
            "hex_data": "9037cd2e4685ae91"
          },
          "context_free": false,
          "elapsed": 1021,
          "console": "Hello, marcellitovt",
          "trx_id": "429acacb662e9adae9a7df21fccfb8fa7ff663024e0f091650b9c207d1adea0a",
          "block_num": 75286109,
          "block_time": "2020-09-11T23:44:45.500",
          "producer_block_id": null,
          "account_ram_deltas": [],
          "except": null,
          "inline_traces": []
        }
      ],
      "except": null
    }
  }
  