{
  "_id": "5f4f5afbc96ad519acf06dec",
  "id": "380e797aacf0422171030b6d5374d447095aaee4a4fc9a9bd71a228c5e71a23d",
  "block_num": 73630439,
  "block_time": "2020-09-02T08:42:36.000",
  "producer_block_id": "046382e7c6ce3bea03a400cd787b427cba67680e06cf750accc1e7edbb8107f3",
  "receipt": {
    "status": "executed",
    "cpu_usage_us": 146,
    "net_usage_words": 23
  },
  "elapsed": 158,
  "net_usage": 184,
  "scheduled": false,
  "action_traces": [{
      "receipt": {
        "receiver": "trusti",
        "act_digest": "aaee9c678187e433e099b0c7f48e97a1ed047c9759ce76514af5732d7ae7eb57",
        "global_sequence": 122878047,
        "recv_sequence": 1584,
        "auth_sequence": [[
            "trusti",
            1054
          ]
        ],
        "code_sequence": 7,
        "abi_sequence": 12
      },
      "act": {
        "account": "trusti",
        "name": "issued",
        "authorization": [{
            "actor": "trusti",
            "permission": "active"
          }
        ],
        "data": {
          "data": "19d50bb49700b40a5b2b5119f3249049b73e2c8a76a8ce366da345bc154644e5",
          "signee": "VEX6GKdDcbNj4nwadQrGc4nBa1F8x1pQEC7cm3vkFHRJDCcCuYkxt"
        },
        "hex_data": "19d50bb49700b40a5b2b5119f3249049b73e2c8a76a8ce366da345bc154644e53556455836474b644463624e6a346e77616451724763346e426131463878317051454337636d33766b4648524a4443634375596b7874"
      },
      "context_free": false,
      "elapsed": 46,
      "console": "",
      "trx_id": "380e797aacf0422171030b6d5374d447095aaee4a4fc9a9bd71a228c5e71a23d",
      "block_num": 73630439,
      "block_time": "2020-09-02T08:42:36.000",
      "producer_block_id": "046382e7c6ce3bea03a400cd787b427cba67680e06cf750accc1e7edbb8107f3",
      "account_ram_deltas": [],
      "except": null,
      "inline_traces": []
    }
  ],
  "except": null,
  "createdAt": "2020-09-02T08:42:36.001Z"
}
